angle,expected_cos,actual_cos,expected_sin,actual_sin
 15015,  9968,  9970, 13001, 12999
-19274,  6299,  6295,-15127,-15127
  4028, 15889, 15893,  3994,  3986
  2568, 16183, 16183,  2557,  2561
  7050, 14891, 14891,  6835,  6833
-15235,  9794,  9796,-13131,-13129
-12104, 12110, 12112,-11032,-11032
 12392, 11918, 11918, 11243, 11243
 -9933, 13462, 13466, -9335, -9339
 20000,  5617,  5619, 15389, 15389
  2526, 16191, 16191,  2513,  2513
-18500,  7011,  7005,-14813,-14815
-25611,   123,   125,-16383,-16383
  9491, 13709, 13709,  8968,  8968
-20002,  5610,  5614,-15391,-15389
  4092, 15876, 15876,  4050,  4050
 17306,  8059,  8059, 14264, 14264
  1498, 16315, 16315,  1496,  1496
 18186,  7284,  7284, 14675, 14675
 11516, 12501, 12501, 10591, 10591
-18170,  7301,  7299,-14669,-14669
 24236,  1496,  1496, 16315, 16315
 -4829, 15681, 15672, -4764, -4754
 11690, 12387, 12387, 10724, 10724
-18629,  6890,  6888,-14867,-14867
 22233,  3474,  3480, 16010, 16008
-25520,   219,   215,-16383,-16383
 10121, 13355, 13355,  9489,  9489
 10417, 13182, 13182,  9727,  9727
-15813,  9318,  9326,-13470,-13468
  4698, 15716, 15716,  4632,  4632
-21537,  4153,  4155,-15850,-15848
  2518, 16191, 16191,  2511,  2507
 11676, 12397, 12397, 10712, 10712
  9840, 13516, 13514,  9259,  9261
  7743, 14587, 14591,  7462,  7454
 18204,  7268,  7268, 14683, 14683
 16433,  8808,  8814, 13813, 13809
  6360, 15165, 15165,  6200,  6202
 -1378, 16324, 16330, -1372, -1384
-10018, 13410, 13412, -9407, -9407
 14470, 10395, 10395, 12662, 12662
 23209,  2513,  2513, 16191, 16191
  9056, 13943, 13943,  8602,  8602
 15539,  9553,  9553, 13311, 13311
 22403,  3310,  3312, 16042, 16042
-15392,  9664,  9668,-13224,-13222
  9816, 13530, 13528,  9239,  9241
 25479,   256,   262, 16378, 16378
-18454,  7041,  7041,-14792,-14788
 -8703, 14123, 14125, -8300, -8296
   335, 16378, 16378,   338,   336
-22627,  3086,  3092,-16089,-16089
  7958, 14488, 14490,  7651,  7647
 -7336, 14769, 14769, -7093, -7093
  3687, 15968, 15968,  3654,  3658
 -4964, 15639, 15637, -4888, -4888
 -4519, 15766, 15766, -4462, -4462
 25385,   352,   352, 16378, 16378
 10325, 13236, 13234,  9653,  9657
 11697, 12381, 12385, 10732, 10726
 16160,  9036,  9040, 13664, 13662
 12609, 11766, 11766, 11401, 11401
  3714, 15962, 15962,  3682,  3684
-16629,  8645,  8645,-13917,-13919
 18384,  7106,  7106, 14762, 14762
  4430, 15787, 15787,  4378,  4378
  6317, 15182, 15182,  6162,  6160
-16056,  9121,  9125,-13604,-13602
-16818,  8483,  8481,-14017,-14017
 -2300, 16224, 16224, -2289, -2293
 22279,  3426,  3434, 16020, 16016
 15320,  9725,  9725, 13184, 13184
-11796, 12311, 12317,-10804,-10802
 24624,  1112,  1110, 16346, 16346
-18690,  6834,  6830,-14893,-14893
 -8711, 14113, 14121, -8308, -8302
 21578,  4110,  4110, 15861, 15861
 11856, 12278, 12278, 10850, 10850
 11667, 12401, 12403, 10708, 10706
-17690,  7726,  7724,-14450,-14450
-11496, 12512, 12514,-10575,-10575
 24504,  1228,  1226, 16340, 16340
  8168, 14390, 14390,  7835,  7833
-24352,  1373,  1381,-16321,-16321
 -6323, 15185, 15185, -6169, -6169
  6464, 15123, 15127,  6300,  6294
 21041,  4630,  4630, 15716, 15716
 20383,  5255,  5257, 15516, 15516
-14061, 10707, 10709,-12397,-12397
-13585, 11069, 11067,-12083,-12083
 13381, 11215, 11219, 11944, 11940
 -4952, 15635, 15639, -4876, -4874
 25345,   388,   394, 16376, 16376
 -7198, 14828, 14828, -6973, -6965
  5902, 15333, 15333,  5773,  5773
-18534,  6977,  6973,-14827,-14827
  3175, 16077, 16077,  3155,  3155
  5192, 15569, 15569,  5105,  5103
-11248, 12667, 12669,-10389,-10383
-18852,  6680,  6682,-14957,-14957
 24050,  1682,  1684, 16297, 16297
 16520,  8738,  8732, 13860, 13864
 21480,  4210,  4210, 15834, 15834
 11836, 12290, 12290, 10838, 10838
 15161,  9852,  9856, 13089, 13087
 17549,  7849,  7847, 14382, 14382
  4029, 15889, 15893,  3994,  3986
 16898,  8412,  8412, 14059, 14059
  2606, 16177, 16177,  2595,  2595
 -4724, 15704, 15706, -4658, -4658
 20762,  4894,  4894, 15634, 15634
 -9682, 13606, 13604, -9130, -9130
 -9572, 13670, 13666, -9038, -9038
 14102, 10678, 10678, 12425, 12425
 16079,  9106,  9106, 13618, 13618
 20195,  5429,  5435, 15457, 15455
  4375, 15801, 15801,  4324,  4324
 -3064, 16097, 16097, -3045, -3045
 23397,  2325,  2335, 16217, 16215
-21318,  4359,  4363,-15791,-15791
 -4570, 15744, 15746, -4508, -4506
 -4755, 15696, 15698, -4692, -4688
 21099,  4572,  4572, 15732, 15732
-12901, 11568, 11562,-11608,-11610
 -6595, 15073, 15077, -6420, -6420
 18652,  6865,  6863, 14877, 14877
 -7442, 14727, 14725, -7191, -7191
 13133, 11399, 11399, 11768, 11768
-21966,  3741,  3737,-15952,-15952
-16767,  8533,  8527,-13989,-13991
-11545, 12484, 12482,-10615,-10611
  1270, 16331, 16331,  1266,  1274
-20174,  5454,  5454,-15449,-15447
 12267, 12001, 12003, 11154, 11152
 19366,  6208,  6208, 15163, 15163
 10626, 13055, 13055,  9896,  9896
  2092, 16250, 16250,  2088,  2090
 22579,  3137,  3137, 16081, 16081
 19246,  6319,  6321, 15116, 15116
-21271,  4405,  4409,-15777,-15777
 -3403, 16031, 16033, -3377, -3379
  9448, 13733, 13731,  8934,  8936
 14259, 10561, 10561, 12527, 12527
 -4763, 15690, 15694, -4694, -4694
  5392, 15504, 15504,  5293,  5293
 -4206, 15849, 15845, -4164, -4158
 -1535, 16314, 16314, -1532, -1534
 -5624, 15432, 15430, -5514, -5514
 -4666, 15719, 15721, -4602, -4600
  6255, 15204, 15204,  6104,  6104
 23856,  1874,  1874, 16276, 16276
 11742, 12354, 12354, 10762, 10762
-17861,  7576,  7576,-14528,-14528
-24305,  1421,  1429,-16319,-16319
 14199, 10605, 10605, 12489, 12489
-19200,  6366,  6364,-15098,-15098
-17311,  8054,  8056,-14264,-14264
 13211, 11339, 11339, 11826, 11826
-10170, 13321, 13323, -9529, -9529
 -9024, 13954, 13958, -8575, -8569
 19149,  6411,  6411, 15078, 15078
  3833, 15937, 15937,  3798,  3798
  2384, 16211, 16209,  2373,  2379
 13790, 10916, 10912, 12218, 12222
 12430, 11891, 11891, 11273, 11273
-13414, 11201, 11193,-11965,-11967
 16540,  8718,  8716, 13872, 13874
  1443, 16317, 16317,  1446,  1446
 -8877, 14040, 14038, -8453, -8447
  6087, 15266, 15268,  5949,  5945
 14260, 10557, 10561, 12529, 12527
 20256,  5375,  5377, 15475, 15475
  -758, 16372, 16370,  -762,  -762
 12056, 12144, 12148, 11000, 10994
 -7520, 14690, 14690, -7257, -7257
 18154,  7312,  7312, 14661, 14661
-17504,  7898,  7890,-14360,-14360
 -1547, 16312, 16314, -1544, -1548
-21537,  4153,  4155,-15850,-15848
 -3764, 15949, 15951, -3731, -3731
 14679, 10239, 10235, 12794, 12796
 -7720, 14598, 14598, -7441, -7435
-24835,   899,   901,-16357,-16357
  3856, 15931, 15931,  3822,  3822
  1080, 16348, 16348,  1082,  1082
 -2011, 16257, 16261, -2006, -2004
  9094, 13921, 13925,  8636,  8630
 24222,  1512,  1518, 16311, 16311
-25406,   327,   329,-16378,-16378
 14795, 10147, 10147, 12862, 12862
 -6027, 15287, 15291, -5892, -5892
 -5020, 15621, 15617, -4946, -4938
 17652,  7757,  7757, 14428, 14428
 16442,  8802,  8808, 13817, 13813
  2925, 16122, 16122,  2911,  2911
  1544, 16309, 16309,  1542,  1548
-14301, 10525, 10527,-12553,-12553
-19483,  6097,  6101,-15206,-15204
 22020,  3682,  3684, 15962, 15962
 -9680, 13610, 13606, -9128, -9128
 15808,  9327,  9331, 13468, 13466
 14593, 10301, 10301, 12740, 12740
 -8674, 14141, 14143, -8276, -8274
 -9418, 13757, 13751, -8910, -8912
 10627, 13055, 13055,  9896,  9896
 11589, 12453, 12453, 10646, 10646
  2520, 16191, 16191,  2511,  2511
 10895, 12892, 12894, 10111, 10109
-24980,   755,   755,-16363,-16363
 19091,  6463,  6463, 15054, 15054
 11813, 12304, 12310, 10820, 10814
 10308, 13246, 13242,  9639,  9645
 15719,  9403,  9405, 13416, 13414
  6612, 15066, 15066,  6435,  6435
 24710,  1026,  1026, 16352, 16352
-16980,  8348,  8344,-14098,-14100
  1630, 16303, 16303,  1626,  1626
 13848, 10872, 10872, 12258, 12258
  6863, 14970, 14970,  6661,  6661
 23331,  2399,  2401, 16205, 16205
 15733,  9391,  9391, 13424, 13424
-17438,  7942,  7944,-14326,-14326
 -9290, 13825, 13821, -8800, -8806
 25159,   576,   578, 16372, 16372
-13883, 10841, 10845,-12280,-12280
-20735,  4925,  4925,-15626,-15626
 10997, 12830, 12832, 10191, 10189
  8165, 14390, 14392,  7833,  7829
 14549, 10337, 10333, 12710, 12712
  5876, 15339, 15339,  5751,  5751
 -7191, 14832, 14834, -6965, -6961
 25136,   600,   600, 16372, 16372
-11087, 12773, 12775,-10261,-10261
-15774,  9362,  9360,-13446,-13446
 -9136, 13900, 13898, -8673, -8665
 -6193, 15229, 15227, -6048, -6042
-22316,  3397,  3395,-16028,-16028
-13930, 10813, 10809,-12312,-12312
 13921, 10816, 10816, 12308, 12308
 18325,  7162,  7162, 14735, 14735
 -2056, 16260, 16256, -2052, -2052
 22232,  3474,  3480, 16010, 16008
 -7659, 14624, 14628, -7385, -7383
-15809,  9326,  9330,-13468,-13466
 -5657, 15418, 15420, -5544, -5544
 21612,  4080,  4080, 15870, 15870
 21931,  3766,  3766, 15946, 15946
  2681, 16165, 16165,  2671,  2671
 25207,   528,   530, 16374, 16374
-13254, 11308, 11306,-11856,-11854
 10758, 12975, 12977, 10002, 10000
 14614, 10285, 10285, 12752, 12752
 20472,  5173,  5171, 15545, 15545
 14257, 10561, 10563, 12527, 12525
-22988,  2740,  2736,-16155,-16155
 14685, 10233, 10229, 12798, 12800
 -5708, 15396, 15400, -5594, -5592
-16328,  8893,  8897,-13753,-13751
 24958,   778,   780, 16363, 16363
   287, 16378, 16378,   290,   290
 11443, 12547, 12549, 10537, 10535
 17671,  7743,  7743, 14438, 14438
-14602, 10292, 10294,-12744,-12744
 -1365, 16332, 16330, -1364, -1366
-13198, 11348, 11348,-11814,-11814
 -5525, 15468, 15466, -5422, -5422
 -2254, 16229, 16227, -2252, -2246
 16161,  9036,  9040, 13664, 13662
-13491, 11141, 11137,-12017,-12019
  8415, 14266, 14270,  8051,  8047
 13195, 11353, 11353, 11814, 11814
 20314,  5321,  5321, 15494, 15494
 -4266, 15827, 15829, -4218, -4216
 24188,  1544,  1548, 16309, 16309
 24420,  1310,  1320, 16329, 16327
 -3524, 16007, 16005, -3497, -3497
 -8825, 14064, 14068, -8405, -8405
 13300, 11275, 11275, 11889, 11889
  2740, 16155, 16155,  2729,  2729
 10597, 13073, 13073,  9874,  9874
 -6373, 15166, 15164, -6215, -6215
-16584,  8691,  8683,-13893,-13895
-19867,  5740,  5744,-15343,-15343
 -4137, 15865, 15867, -4094, -4094
  7608, 14647, 14647,  7338,  7338
  8690, 14132, 14134,  8289,  8287
 25156,   578,   578, 16372, 16372
-22762,  2960,  2958,-16116,-16116
 -9542, 13688, 13684, -9012, -9016
 18219,  7254,  7256, 14689, 14689
 20835,  4824,  4826, 15656, 15656
 12886, 11571, 11567, 11598, 11602
  -290, 16383, 16381,  -290,  -290
 -3355, 16041, 16043, -3329, -3331
 17621,  7785,  7785, 14414, 14414
 20324,  5309,  5315, 15498, 15496
  6596, 15074, 15074,  6421,  6419
 -8774, 14079, 14087, -8362, -8356
 11414, 12567, 12567, 10513, 10513
-10967, 12843, 12849,-10169,-10167
 21213,  4462,  4464, 15763, 15763
 22767,  2953,  2953, 16116, 16116
 14485, 10387, 10383, 12670, 12672
-16611,  8663,  8661,-13907,-13909
 11329, 12623, 12621, 10445, 10447
-13721, 10969, 10967,-12174,-12174
 17693,  7721,  7721, 14450, 14450
  9399, 13757, 13759,  8894,  8892
  3400, 16030, 16030,  3378,  3378
 22580,  3137,  3135, 16081, 16081
 18564,  6946,  6944, 14841, 14841
 16927,  8390,  8390, 14073, 14073
 11996, 12186, 12186, 10954, 10954
 14809, 10133, 10133, 12876, 12876
  4953, 15642, 15642,  4876,  4874
   680, 16370, 16370,   684,   680
 22061,  3642,  3642, 15974, 15974
 18769,  6757,  6757, 14925, 14925
  -209, 16386, 16382,  -213,  -206
  -477, 16375, 16379,  -476,  -476
 17874,  7563,  7563, 14534, 14534
-23574,  2155,  2157,-16242,-16240
  -207, 16378, 16382,  -206,  -204
  7339, 14766, 14766,  7098,  7096
 -9521, 13691, 13695, -8996, -8996
  3892, 15923, 15923,  3856,  3856
  5609, 15433, 15433,  5497,  5497
 11164, 12724, 12724, 10319, 10319
-20766,  4893,  4893,-15634,-15634
-17175,  8172,  8174,-14196,-14196
 21105,  4570,  4570, 15732, 15732
 -7310, 14779, 14781, -7071, -7071
 -4191, 15855, 15855, -4150, -4150
 -5426, 15493, 15493, -5324, -5324
 16885,  8426,  8426, 14053, 14053
 -5141, 15578, 15582, -5057, -5053
 16014,  9160,  9160, 13582, 13582
-21812,  3889,  3887,-15917,-15917
  -322, 16383, 16381,  -322,  -322
-15377,  9678,  9682,-13216,-13216
-16587,  8683,  8683,-13895,-13897
-25573,   163,   163,-16383,-16383
-14953, 10021, 10021,-12961,-12963
 13322, 11261, 11261, 11903, 11903
 -2412, 16208, 16208, -2401, -2405
 -3594, 15995, 15991, -3565, -3565
 25051,   684,   684, 16370, 16370
 15246,  9785,  9785, 13139, 13139
 -7064, 14884, 14886, -6846, -6846
 -8934, 14008, 14008, -8499, -8495
 -9687, 13600, 13602, -9134, -9134
-10653, 13042, 13042, -9920, -9920
  7193, 14831, 14833,  6966,  6960
 -9053, 13942, 13946, -8599, -8599
 -6007, 15297, 15299, -5872, -5874
    35, 16383, 16383,    40,    34
  7474, 14706, 14706,  7218,  7218
-21586,  4107,  4107,-15861,-15861
 21904,  3794,  3798, 15937, 15937
 17211,  8139,  8139, 14220, 14220
-14699, 10220, 10222,-12806,-12806
 13550, 11094, 11088, 12057, 12061
 -3368, 16043, 16041, -3343, -3347
 -1541, 16318, 16316, -1542, -1544
  7521, 14685, 14685,  7262,  7262
-13228, 11324, 11326,-11836,-11836
 -4186, 15846, 15848, -4140, -4138
 -1097, 16349, 16349, -1098, -1094
-21329,  4351,  4353,-15795,-15793
-12940, 11534, 11532,-11636,-11636
  9519, 13693, 13695,  8994,  8992
   250, 16378, 16378,   254,   256
 20977,  4692,  4692, 15697, 15697
 -9466, 13721, 13723, -8950, -8950
-20911,  4763,  4759,-15679,-15679
 19797,  5809,  5809, 15317, 15317
 15879,  9273,  9275, 13506, 13504
 24474,  1258,  1266, 16331, 16331
  1702, 16293, 16293,  1700,  1702
 14852, 10099, 10099, 12900, 12900
-18660,  6860,  6858,-14879,-14879
 16356,  8874,  8876, 13771, 13769
  3834, 15937, 15937,  3798,  3800
 -1368, 16330, 16326, -1366, -1366
  4632, 15732, 15732,  4572,  4570
  6981, 14917, 14919,  6775,  6769
-22506,  3212,  3210,-16069,-16069
 18879,  6659,  6655, 14970, 14972
-16828,  8479,  8475,-14023,-14023
 25448,   286,   290, 16378, 16378
 -5832, 15356, 15358, -5710, -5710
 -8597, 14179, 14183, -8208, -8208
  7868, 14532, 14532,  7569,  7569
  3589, 15990, 15990,  3560,  3560
-13491, 11141, 11137,-12017,-12019
 23281,  2443,  2445, 16199, 16199
 22156,  3548,  3550, 15994, 15994
-11814, 12303, 12305,-10820,-10814
-16793,  8503,  8505,-14003,-14005
-17724,  7702,  7698,-14468,-14468
-12233, 12024, 12024,-11130,-11126
  9870, 13498, 13498,  9285,  9285
 22944,  2779,  2781, 16144, 16144
 21694,  4002,  4000, 15889, 15889
 11597, 12447, 12447, 10652, 10652
 -6408, 15146, 15148, -6245, -6245
  5823, 15359, 15359,  5701,  5701
 10503, 13127, 13129,  9799,  9797
 21953,  3750,  3750, 15948, 15948
 -9389, 13765, 13769, -8884, -8888
  -794, 16368, 16366,  -794,  -794
-16342,  8885,  8887,-13763,-13761
 -2496, 16192, 16192, -2483, -2483
 11221, 12688, 12690, 10365, 10363
 10784, 12959, 12961, 10024, 10020
 -9567, 13674, 13672, -9036, -9036
-18578,  6937,  6933,-14847,-14847
-24274,  1453,  1459,-16317,-16317
 -4310, 15811, 15815, -4262, -4256
 23278,  2445,  2449, 16199, 16199
 21379,  4304,  4306, 15807, 15807
 23609,  2120,  2120, 16246, 16246
-13106, 11418, 11414,-11752,-11752
 10004, 13422, 13422,  9395,  9395
  7819, 14554, 14554,  7527,  7525
  2874, 16132, 16132,  2861,  2861
  1346, 16327, 16325,  1342,  1350
-10992, 12829, 12833,-10187,-10185
  6260, 15200, 15200,  6110,  6110
 -1172, 16345, 16339, -1172, -1164
  7978, 14482, 14482,  7667,  7665
  3388, 16034, 16034,  3364,  3364
 -2010, 16261, 16261, -2006, -2004
-22743,  2976,  2978,-16110,-16110
 -1307, 16332, 16334, -1304, -1308
 24309,  1422,  1428, 16319, 16319
-11548, 12484, 12482,-10615,-10615
-14282, 10533, 10537,-12541,-12539
 -4354, 15814, 15810, -4304, -4304
 24374,  1358,  1364, 16325, 16325
 -4700, 15709, 15711, -4632, -4632
  3551, 15996, 15996,  3528,  3528
    99, 16383, 16383,   102,    96
-22342,  3365,  3369,-16030,-16030
  1862, 16276, 16276,  1858,  1860
 -8448, 14255, 14253, -8078, -8074
 14578, 10315, 10313, 12728, 12730
 -6165, 15237, 15239, -6020, -6020
 13343, 11243, 11243, 11918, 11918
 22837,  2885,  2885, 16128, 16128
 13221, 11333, 11333, 11832, 11832
 20289,  5345,  5347, 15486, 15486
  7763, 14576, 14576,  7477,  7477
 -8872, 14038, 14040, -8447, -8441
 10767, 12971, 12973, 10008, 10006
  -919, 16358, 16360,  -918,  -918
-15242,  9786,  9788,-13133,-13133
-10271, 13261, 13267, -9613, -9611
-11213, 12691, 12695,-10359,-10359
-25434,   299,   301,-16378,-16378
-12506, 11839, 11837,-11329,-11323
-23578,  2151,  2153,-16242,-16242
-18284,  7195,  7195,-14718,-14718
 14266, 10555, 10555, 12531, 12531
 12009, 12176, 12180, 10964, 10960
 -5507, 15468, 15472, -5400, -5406
-21514,  4177,  4177,-15842,-15842
 -2287, 16232, 16228, -2279, -2281
 11801, 12314, 12318, 10808, 10804
 14950, 10020, 10020, 12961, 12961
 22986,  2735,  2735, 16155, 16155
-12947, 11534, 11530,-11642,-11644
  6114, 15254, 15254,  5975,  5975
 25649,    88,    88, 16383, 16383
 -3526, 16003, 16003, -3497, -3497
 -7040, 14896, 14896, -6828, -6822
 13005, 11489, 11489, 11680, 11680
 25008,   728,   726, 16368, 16368
  2578, 16181, 16181,  2569,  2569
 13640, 11026, 11028, 12119, 12117
 10421, 13178, 13180,  9733,  9731
 19767,  5831,  5831, 15311, 15311
 10984, 12838, 12838, 10179, 10179
-24759,   979,   977,-16355,-16355
-11464, 12538, 12536,-10551,-10551
 22701,  3017,  3015, 16106, 16106
 20141,  5481,  5487, 15437, 15435
 17853,  7583,  7581, 14526, 14526
-15409,  9652,  9656,-13236,-13234
 -1518, 16316, 16316, -1514, -1520
  7955, 14490, 14490,  7647,  7645
 17187,  8163,  8165, 14204, 14204
-16707,  8585,  8579,-13957,-13961
 12102, 12113, 12113, 11032, 11032
 11779, 12328, 12330, 10792, 10790
 18554,  6952,  6950, 14839, 14839
 12635, 11746, 11746, 11421, 11421
 12465, 11865, 11869, 11299, 11295
 15248,  9785,  9783, 13139, 13141
  2030, 16256, 16256,  2026,  2028
-21444,  4247,  4245,-15824,-15826
-24875,   859,   861,-16361,-16361
 -4324, 15824, 15820, -4274, -4276
-21536,  4153,  4155,-15848,-15848
-18144,  7321,  7321,-14655,-14655
  3206, 16071, 16071,  3189,  3185
-10728, 12990, 12994, -9978, -9976
 10412, 13184, 13184,  9725,  9725
-20096,  5530,  5528,-15423,-15423
-10225, 13291, 13293, -9579, -9575
-21625,  4069,  4071,-15870,-15870
 16271,  8946,  8948, 13725, 13723
-19400,  6179,  6177,-15176,-15176
 15686,  9429,  9431, 13397, 13395
 16785,  8512,  8508, 13999, 14001
 25093,   642,   642, 16370, 16370
-25404,   331,   331,-16378,-16378
 -6506, 15111, 15111, -6336, -6336
 21103,  4570,  4570, 15732, 15732
  8022, 14458, 14458,  7703,  7703
-17504,  7898,  7890,-14360,-14360
-19905,  5708,  5710,-15357,-15357
 -8744, 14097, 14103, -8336, -8330
 13238, 11319, 11319, 11846, 11846
 17651,  7757,  7759, 14428, 14428
 11826, 12298, 12300, 10828, 10826
 24684,  1050,  1050, 16350, 16350
 -7241, 14804, 14810, -7009, -7003
-20522,  5124,  5124,-15559,-15559
   711, 16368, 16368,   712,   710
 -8170, 14385, 14389, -7836, -7834
  6206, 15222, 15224,  6061,  6055
 18416,  7076,  7078, 14774, 14774
   219, 16383, 16383,   222,   216
-21365,  4313,  4319,-15803,-15803
  9774, 13552, 13554,  9206,  9204
-17879,  7556,  7558,-14534,-14534
 -6584, 15079, 15081, -6408, -6408
 22204,  3504,  3504, 16004, 16004
 -9918, 13476, 13474, -9327, -9327
 -1187, 16339, 16339, -1186, -1180
 -8877, 14040, 14038, -8453, -8447
-12033, 12161, 12161,-10982,-10980
-15957,  9211,  9211,-13550,-13552
 24183,  1548,  1556, 16309, 16309
 24856,   878,   876, 16361, 16361
-21732,  3963,  3965,-15895,-15895
  2100, 16248, 16248,  2096,  2098
 11109, 12758, 12760, 10279, 10277
-15942,  9212,  9218,-13542,-13540
 -3279, 16052, 16054, -3259, -3253
-23280,  2446,  2446,-16199,-16199
 -7164, 14840, 14844, -6939, -6937
-10204, 13307, 13303, -9561, -9557
 13391, 11204, 11204, 11955, 11955
-20983,  4689,  4689,-15699,-15699
 -9452, 13731, 13731, -8938, -8938
-13964, 10779, 10781,-12334,-12334
  -599, 16373, 16375,  -598,  -598
 17329,  8039,  8041, 14272, 14272
-23320,  2402,  2406,-16205,-16203
 -8701, 14127, 14127, -8300, -8296
   -71, 16384, 16386,   -70,   -70
 10740, 12987, 12989,  9988,  9986
-21853,  3841,  3847,-15925,-15925
-15227,  9800,  9802,-13125,-13125
 21132,  4542,  4542, 15740, 15740
 -9908, 13476, 13474, -9319, -9315
-19613,  5980,  5982,-15252,-15252
  2055, 16255, 16255,  2052,  2052
-19351,  6225,  6225,-15157,-15157
 19115,  6441,  6441, 15064, 15064
 23115,  2607,  2609, 16175, 16175
 12800, 11632, 11634, 11537, 11535
  4956, 15636, 15642,  4886,  4876
-11064, 12783, 12787,-10243,-10241
-16412,  8825,  8827,-13801,-13797
 -2182, 16241, 16239, -2178, -2178
 -5901, 15330, 15334, -5774, -5772
 13749, 10946, 10946, 12192, 12192
-12578, 11783, 11785,-11381,-11377
 23210,  2513,  2513, 16191, 16191
 -9421, 13749, 13753, -8912, -8916
-22242,  3463,  3467,-16010,-16010
 -8110, 14417, 14417, -7786, -7780
 10819, 12938, 12938, 10049, 10049
 12757, 11664, 11666, 11505, 11503
-24943,   787,   793,-16363,-16363
-13662, 11013, 11009,-12134,-12134
 13366, 11227, 11227, 11932, 11932
 22211,  3496,  3498, 16004, 16004
 21672,  4028,  4028, 15878, 15878
  5653, 15417, 15417,  5541,  5541
  4897, 15656, 15656,  4824,  4824
-25276,   459,   459,-16376,-16376
   787, 16363, 16363,   786,   786
 12646, 11740, 11740, 11427, 11427
  3561, 15996, 15996,  3530,  3534
   596, 16372, 16372,   600,   600
 20137,  5487,  5489, 15435, 15435
  -770, 16368, 16366,  -770,  -770
-16696,  8585,  8585,-13951,-13951
-12357, 11945, 11943,-11219,-11219
-16732,  8559,  8557,-13971,-13973
 16795,  8500,  8500, 14005, 14005
-13536, 11103, 11103,-12047,-12051
   421, 16376, 16376,   424,   424
-19512,  6078,  6076,-15220,-15220
 24113,  1618,  1620, 16303, 16303
-24626,  1111,  1109,-16346,-16346
  6381, 15157, 15157,  6222,  6220
 17292,  8073,  8071, 14256, 14256
 12552, 11804, 11808, 11363, 11359
-11616, 12438, 12436,-10666,-10666
 -3813, 15948, 15944, -3778, -3780
 -8717, 14121, 14117, -8316, -8308
-18119,  7343,  7345,-14643,-14643
 20150,  5473,  5473, 15443, 15443
 14671, 10241, 10241, 12792, 12792
 18302,  7182,  7182, 14727, 14727
 23950,  1780,  1786, 16284, 16284
 -8874, 14034, 14040, -8447, -8445
  2376, 16211, 16211,  2367,  2371
-18472,  7021,  7025,-14798,-14794
 -9235, 13847, 13851, -8759, -8753
 10032, 13404, 13406,  9421,  9417
-19555,  6036,  6036,-15232,-15232
 20019,  5603,  5603, 15393, 15393
 13209, 11341, 11341, 11824, 11824
 -2159, 16241, 16243, -2154, -2154
 16554,  8710,  8706, 13878, 13880
-20007,  5602,  5610,-15391,-15391
-11408, 12574, 12572,-10507,-10507
 -2191, 16235, 16237, -2184, -2184
-23221,  2502,  2506,-16191,-16191
-18087,  7371,  7373,-14629,-14629
-12614, 11763, 11763,-11405,-11403
-12216, 12036, 12034,-11120,-11110
 19068,  6485,  6483, 15046, 15046
 -4342, 15816, 15812, -4290, -4290
 10209, 13303, 13303,  9561,  9561
-23942,  1787,  1789,-16284,-16282
 18656,  6859,  6859, 14879, 14879
 10082, 13377, 13377,  9457,  9457
 -9375, 13779, 13777, -8876, -8876
 12033, 12160, 12162, 10982, 10980
 21648,  4044,  4048, 15876, 15876
 18935,  6603,  6603, 14994, 14994
-23630,  2099,  2101,-16248,-16248
  3833, 15937, 15937,  3798,  3798
 18580,  6930,  6930, 14847, 14847
-13370, 11218, 11222,-11934,-11932
  4243, 15836, 15838,  4200,  4196
  9967, 13442, 13444,  9365,  9363
 -4606, 15737, 15737, -4542, -4542
  5051, 15610, 15612,  4976,  4968
-19609,  5988,  5986,-15252,-15252
  1456, 16317, 16317,  1454,  1460
 15306,  9733,  9741, 13178, 13171
  4728, 15705, 15705,  4664,  4662
 17561,  7841,  7835, 14384, 14390
 15984,  9186,  9184, 13564, 13566
 23197,  2525,  2531, 16187, 16187
-17085,  8258,  8254,-14152,-14154
 10803, 12949, 12953, 10038, 10032
-12827, 11605, 11613,-11557,-11555
 18436,  7062,  7062, 14782, 14782
-14442, 10426, 10420,-12642,-12644
 -7866, 14533, 14533, -7570, -7568
  1085, 16348, 16348,  1088,  1086
   469, 16376, 16376,   472,   472
   208, 16383, 16383,   214,   206
 -8078, 14433, 14433, -7758, -7752
 -6362, 15172, 15168, -6203, -6203
 19391,  6184,  6184, 15172, 15172
 -5869, 15344, 15346, -5744, -5744
  6702, 15030, 15034,  6521,  6515
-13582, 11067, 11067,-12077,-12077
  -396, 16377, 16377,  -394,  -394
  6971, 14923, 14923,  6763,  6761
 -2830, 16143, 16141, -2817, -2817
 24782,   954,   954, 16355, 16355
  4460, 15779, 15779,  4404,  4404
 20124,  5497,  5501, 15433, 15431
 18912,  6627,  6627, 14984, 14984
 13633, 11030, 11032, 12115, 12113
-13295, 11280, 11280,-11887,-11887
-11187, 12699, 12707,-10341,-10335
 -6096, 15261, 15263, -5952, -5952
 20590,  5059,  5057, 15583, 15583
-23104,  2620,  2620,-16173,-16173
 11447, 12547, 12547, 10537, 10537
 20893,  4770,  4772, 15672, 15672
 22778,  2941,  2941, 16118, 16118
 11231, 12682, 12684, 10371, 10369
 23962,  1768,  1774, 16284, 16284
 11027, 12810, 12814, 10217, 10211
-21300,  4383,  4381,-15787,-15787
 14877, 10079, 10079, 12916, 12916
 14079, 10696, 10696, 12411, 12411
-23892,  1835,  1839,-16278,-16278
 12932, 11539, 11537, 11630, 11632
 -1970, 16269, 16267, -1968, -1968
-17016,  8312,  8312,-14118,-14118
  6742, 15014, 15014,  6553,  6555
-20775,  4881,  4885,-15636,-15636
 18833,  6697,  6699, 14951, 14951
-24522,  1219,  1213,-16340,-16340
  1342, 16327, 16327,  1340,  1342
  1073, 16348, 16350,  1080,  1070
 21410,  4274,  4276, 15815, 15815
  5576, 15443, 15445,  5471,  5467
  9249, 13840, 13844,  8770,  8764
-15798,  9336,  9338,-13462,-13460
 -4529, 15760, 15762, -4470, -4470
 -1779, 16287, 16291, -1774, -1780
-19166,  6396,  6396,-15084,-15084
 19370,  6202,  6206, 15165, 15163
  9762, 13558, 13560,  9198,  9194
 21425,  4262,  4260, 15820, 15820
-24298,  1433,  1435,-16319,-16319
-13806, 10901, 10901,-12228,-12228
 15323,  9721,  9725, 13186, 13184
  -296, 16385, 16381,  -296,  -296
-22364,  3341,  3347,-16036,-16036
 20772,  4886,  4888, 15636, 15636
  6369, 15163, 15163,  6208,  6208
   477, 16376, 16376,   480,   478
-24544,  1195,  1191,-16342,-16342
  7674, 14619, 14619,  7398,  7396
 -8661, 14147, 14151, -8264, -8264
-25472,   259,   263,-16378,-16378
-19823,  5780,  5784,-15327,-15327
 -2352, 16220, 16216, -2343, -2343
-22436,  3269,  3275,-16048,-16048
-20396,  5236,  5242,-15520,-15518
-15389,  9668,  9672,-13222,-13222
 -4668, 15719, 15721, -4602, -4602
 11100, 12764, 12764, 10271, 10271
  9924, 13468, 13466,  9327,  9331
-19117,  6438,  6440,-15066,-15064
-14254, 10563, 10559,-12525,-12521
   301, 16378, 16378,   304,   304
 -9031, 13948, 13956, -8581, -8575
 10013, 13416, 13416,  9403,  9403
 -9080, 13928, 13930, -8625, -8619
 22716,  3003,  3001, 16108, 16108
 16448,  8796,  8802, 13821, 13817
-17074,  8264,  8262,-14148,-14148
 11908, 12244, 12244, 10888, 10888
 12474, 11858, 11858, 11307, 11307
 18913,  6625,  6627, 14984, 14984
  1255, 16338, 16338,  1258,  1250
 -9175, 13879, 13883, -8705, -8701
 13321, 11261, 11263, 11903, 11901
  5708, 15401, 15401,  5593,  5591
  5691, 15405, 15405,  5579,  5577
 -7414, 14740, 14738, -7165, -7165
-15062,  9937,  9935,-13027,-13029
-11428, 12562, 12560,-10523,-10523
 -6845, 14973, 14977, -6648, -6646
 17481,  7911,  7905, 14348, 14352
  2646, 16171, 16171,  2637,  2633
 14599, 10295, 10297, 12744, 12742
 10051, 13395, 13395,  9431,  9431
   496, 16376, 16376,   494,   494
 -9413, 13759, 13757, -8904, -8910
 12490, 11848, 11848, 11317, 11317
 -1875, 16281, 16279, -1872, -1872
 -7006, 14912, 14910, -6794, -6792
 -2776, 16148, 16146, -2765, -2759
 22624,  3093,  3093, 16089, 16089
-13264, 11304, 11302,-11865,-11865
 19030,  6521,  6515, 15030, 15034
  9767, 13556, 13558,  9200,  9198
 16862,  8446,  8444, 14039, 14041
  9325, 13799, 13797,  8830,  8834
 18594,  6918,  6916, 14853, 14853
-18606,  6907,  6907,-14857,-14857
 -3989, 15902, 15900, -3952, -3948
-13281, 11292, 11290,-11875,-11875
 -5340, 15529, 15525, -5244, -5248
-22482,  3236,  3234,-16063,-16063
 -1049, 16349, 16353, -1048, -1048
-23569,  2159,  2163,-16240,-16240
 17408,  7969,  7969, 14314, 14314
  8474, 14240, 14240,  8101,  8099
  8764, 14094, 14096,  8353,  8349
 -5906, 15334, 15330, -5782, -5774
  3122, 16087, 16087,  3105,  3105
 22518,  3197,  3197, 16069, 16069
  1211, 16340, 16340,  1214,  1208
 25547,   190,   190, 16383, 16383
 15142,  9868,  9870, 13077, 13075
 11466, 12535, 12531, 10551, 10555
-20996,  4677,  4675,-15703,-15703
-21442,  4251,  4247,-15824,-15824
 -6283, 15199, 15199, -6131, -6131
  2326, 16217, 16217,  2317,  2319
 14599, 10295, 10297, 12744, 12742
-19359,  6213,  6217,-15159,-15159
 10874, 12908, 12908, 10091, 10091
 22173,  3530,  3536, 15996, 15996
 -7449, 14723, 14723, -7197, -7197
 13175, 11367, 11365, 11800, 11802
 -3273, 16052, 16058, -3253, -3251
  3402, 16030, 16030,  3378,  3380
 15417,  9647,  9651, 13240, 13238
 -1765, 16295, 16293, -1766, -1768
-13971, 10785, 10781,-12340,-12342
-16499,  8759,  8757,-13848,-13850
-21081,  4591,  4593,-15726,-15726
-12710, 11691, 11693,-11475,-11469
 15138,  9870,  9874, 13075, 13073
  2458, 16199, 16199,  2449,  2449
 14809, 10133, 10133, 12876, 12876
 -5808, 15364, 15366, -5686, -5686
 14152, 10640, 10642, 12457, 12455
 18026,  7426,  7426, 14605, 14605
-23272,  2454,  2454,-16199,-16197
-14898, 10062, 10064,-12928,-12928
-22658,  3058,  3060,-16096,-16096
 24294,  1436,  1446, 16319, 16317
-21997,  3709,  3707,-15960,-15960
    41, 16383, 16383,    42,    42
 17900,  7539,  7539, 14546, 14546
-11860, 12279, 12277,-10852,-10852
-20237,  5388,  5394,-15469,-15467
-11591, 12454, 12454,-10646,-10648
 14895, 10065, 10067, 12928, 12926
  7868, 14532, 14532,  7569,  7569
  8863, 14045, 14047,  8438,  8434
   845, 16361, 16361,   848,   846
 14061, 10712, 10712, 12397, 12397
  9204, 13866, 13868,  8730,  8726
 -4866, 15671, 15667, -4794, -4794
 18909,  6631,  6631, 14982, 14982
 15108,  9896,  9896, 13055, 13055
 -9826, 13530, 13524, -9249, -9251
-17922,  7522,  7520,-14556,-14556
 15843,  9301,  9305, 13486, 13484
-12808, 11625, 11625,-11543,-11539
  5412, 15496, 15496,  5315,  5315
-18338,  7145,  7147,-14741,-14741
-21584,  4111,  4109,-15861,-15861
-14716, 10208, 10208,-12816,-12816
 23454,  2273,  2279, 16223, 16223
 -7420, 14736, 14734, -7171, -7169
 24892,   842,   842, 16361, 16361
  5009, 15624, 15624,  4932,  4930
-16146,  9049,  9051,-13654,-13654
 10303, 13246, 13246,  9639,  9639
 -6151, 15243, 15245, -6010, -6006
 12328, 11959, 11965, 11200, 11194
-23310,  2414,  2416,-16203,-16203
-20147,  5474,  5478,-15437,-15437
 22593,  3123,  3123, 16083, 16083
 23110,  2609,  2617, 16175, 16173
-23621,  2107,  2111,-16246,-16246
 22361,  3348,  3356, 16036, 16034
 22881,  2841,  2843, 16134, 16134
 20346,  5291,  5291, 15504, 15504
-13127, 11396, 11400,-11766,-11766
 17825,  7605,  7605, 14512, 14512
 -7471, 14711, 14711, -7219, -7213
-16297,  8923,  8925,-13739,-13737
-14676, 10250, 10242,-12792,-12794
  2572, 16183, 16183,  2561,  2563
 23754,  1976,  1976, 16264, 16264
-16338,  8889,  8891,-13759,-13759
 -4122, 15865, 15867, -4080, -4078
   991, 16355, 16355,   996,   988
-25236,   499,   499,-16376,-16374
 10908, 12884, 12884, 10121, 10121
-13064, 11446, 11444,-11722,-11722
  2545, 16187, 16185,  2533,  2539
-25188,   547,   547,-16374,-16374
  1123, 16346, 16346,  1126,  1118
 -6314, 15185, 15185, -6157, -6157
 -9464, 13725, 13725, -8950, -8948
-19088,  6468,  6466,-15054,-15054
 -1482, 16316, 16318, -1478, -1482
   484, 16376, 16376,   486,   486
 18684,  6835,  6833, 14891, 14891
 13992, 10762, 10762, 12354, 12354
-10239, 13285, 13287, -9587, -9587
  7882, 14526, 14526,  7583,  7581
 16594,  8676,  8672, 13899, 13901
 -2132, 16245, 16243, -2128, -2126
-20514,  5132,  5132,-15557,-15557
 -9079, 13928, 13932, -8623, -8619
 13403, 11202, 11198, 11957, 11961
 -5475, 15480, 15484, -5370, -5376
 18718,  6801,  6801, 14905, 14905
  7718, 14599, 14601,  7438,  7434
  8290, 14328, 14328,  7941,  7941
-17109,  8232,  8232,-14164,-14166
-22066,  3639,  3639,-15975,-15975
 -5087, 15602, 15602, -5007, -5007
 21065,  4610,  4610, 15722, 15722
 12702, 11698, 11700, 11469, 11467
 14806, 10135, 10135, 12874, 12874
-11388, 12590, 12588,-10493,-10493
-18992,  6546,  6552,-15014,-15014
 25263,   472,   474, 16376, 16376
-10624, 13062, 13058, -9896, -9896
  1445, 16317, 16317,  1446,  1448
-16183,  9013,  9019,-13674,-13672
-20165,  5462,  5464,-15445,-15445
 22427,  3282,  3288, 16048, 16048
-18780,  6756,  6750,-14929,-14929
 14433, 10425, 10423, 12638, 12640
 20871,  4794,  4794, 15666, 15666
-11643, 12422, 12422,-10688,-10688
-17144,  8200,  8200,-14182,-14182
 11513, 12501, 12505, 10591, 10587
 22541,  3173,  3173, 16075, 16075
 -6564, 15091, 15089, -6392, -6392
 23908,  1818,  1828, 16282, 16278
 -5088, 15602, 15600, -5007, -5007
 -2936, 16119, 16119, -2919, -2919
-16573,  8699,  8695,-13889,-13891
  2080, 16253, 16250,  2072,  2082
 16448,  8796,  8802, 13821, 13817
 14660, 10249, 10249, 12782, 12782
   712, 16368, 16368,   716,   712
 11573, 12465, 12467, 10635, 10633
-15200,  9828,  9824,-13109,-13109
-12590, 11775, 11777,-11389,-11385
 13393, 11204, 11204, 11955, 11955
 -3151, 16082, 16080, -3135, -3129
-10334, 13231, 13233, -9661, -9665
 -4807, 15676, 15682, -4740, -4738
 11288, 12644, 12648, 10417, 10413
 15469,  9609,  9605, 13269, 13273
-14093, 10681, 10683,-12417,-12417
  8344, 14302, 14302,  7989,  7989
  2656, 16167, 16167,  2651,  2651
-25404,   331,   331,-16378,-16378
-13604, 11053, 11051,-12095,-12095
-22525,  3192,  3192,-16071,-16071
-19900,  5716,  5714,-15355,-15355
   366, 16378, 16378,   368,   366
 -3530, 16005, 16003, -3503, -3501
  4699, 15716, 15716,  4632,  4632
-23038,  2684,  2686,-16163,-16163
-22933,  2786,  2790,-16144,-16142
  -683, 16367, 16369,  -682,  -678
  6225, 15210, 15220,  6082,  6069
 -5497, 15474, 15474, -5392, -5394
  5422, 15494, 15494,  5323,  5323
     0, 16383, 16383,     2,     4
-14328, 10503, 10505,-12573,-12571
 -7549, 14674, 14678, -7285, -7285
  3534, 16002, 16002,  3510,  3510
   544, 16374, 16374,   546,   546
 19518,  6069,  6063, 15220, 15222
 -5292, 15539, 15539, -5198, -5202
  9550, 13676, 13674,  9016,  9020
-12168, 12068, 12068,-11082,-11078
  7954, 14490, 14490,  7645,  7645
 19800,  5803,  5803, 15321, 15321
  -405, 16383, 16383,  -408,  -408
 19414,  6162,  6162, 15182, 15182
 -6703, 15033, 15033, -6522, -6516
-16289,  8929,  8933,-13735,-13733
 18508,  6994,  6992, 14819, 14819
 -4144, 15866, 15864, -4102, -4102
  8803, 14075, 14077,  8386,  8384
 19173,  6385,  6391, 15090, 15086
  7358, 14760, 14760,  7112,  7112
 17787,  7639,  7639, 14496, 14496
-10424, 13173, 13177, -9735, -9733
  -451, 16375, 16377,  -448,  -448
 -3805, 15939, 15941, -3767, -3767
-10047, 13403, 13401, -9431, -9431
 -1483, 16320, 16318, -1482, -1482
 -1336, 16336, 16330, -1334, -1336
-20559,  5096,  5092,-15573,-15573
  6254, 15204, 15204,  6102,  6104
 -5781, 15380, 15378, -5664, -5664
-23091,  2632,  2634,-16171,-16171
  9581, 13658, 13658,  9046,  9046
 -8065, 14437, 14441, -7744, -7744
  6106, 15256, 15256,  5967,  5967
  5829, 15357, 15357,  5709,  5707
-17641,  7768,  7768,-14422,-14426
  -547, 16373, 16375,  -544,  -544
 17843,  7589,  7591, 14518, 14518
 13358, 11231, 11231, 11928, 11928
-25466,   267,   269,-16378,-16378
 23240,  2483,  2483, 16195, 16195
  2280, 16223, 16223,  2273,  2279
 12624, 11754, 11756, 11413, 11411
-11779, 12327, 12331,-10790,-10790
 -9435, 13739, 13741, -8924, -8924
 14963, 10012, 10012, 12969, 12969
-14342, 10489, 10493,-12583,-12579
-24457,  1269,  1277,-16331,-16331
